{
  "config": {
    "n_runs": 5,
    "seed0": 0,
    "T": 10,
    "epochs_per_task": 8,
    "batch_size": 128,
    "hidden_dims": [
      256,
      128,
      64
    ],
    "base_lr": 0.0005,
    "periods": [
      4,
      2,
      1
    ]
  },
  "report": {
    "baseline_avg_acc_mean": 0.4941040098667145,
    "baseline_avg_acc_std": 0.02032494269301184,
    "cms_avg_acc_mean": 0.5769200086593628,
    "cms_avg_acc_std": 0.02143735320700958,
    "baseline_forgetting_mean": 0.5349844336509705,
    "baseline_forgetting_std": 0.022095485239929137,
    "cms_forgetting_mean": 0.43899556398391726,
    "cms_forgetting_std": 0.023959198184713336,
    "baseline_forgetting_all": [
      0.5214889049530029,
      0.5693777203559875,
      0.5195000171661377,
      0.5451889038085938,
      0.5193666219711304
    ],
    "cms_forgetting_all": [
      0.45223337411880493,
      0.43283334374427795,
      0.455133318901062,
      0.45525556802749634,
      0.39952221512794495
    ],
    "baseline_acc_all": [
      0.5065299868583679,
      0.46223002672195435,
      0.5078399777412415,
      0.4851900041103363,
      0.5087300539016724
    ],
    "cms_acc_all": [
      0.5654900074005127,
      0.5816699862480164,
      0.5619699954986572,
      0.5629600286483765,
      0.6125100255012512
    ]
  }
}